bgaigerc,Avengers: Infinity War,2022/02/04 19:41
test2,The Good The Bad and The Ugly,2022/03/06 17:09
sbynethe,The Economist,2022/03/05 22:53
bgaigerc,Stairway to Heaven,2022/02/25 15:21
azottog,Mambo No. 5,2022/01/18 01:44
sbynethe,The Good The Bad and The Ugly,2022/02/07 19:48
azottog,Got Me Under Pressure,2022/02/08 01:04
fschollj,Coming Back to Life,2022/02/14 15:10
gprobbingi,Stairway to Heaven,2022/01/14 15:13
clagdenf,The Art of Computer Programming,2022/02/24 03:14
test,The Self-Taught Programmer,03/03/2022 14:19
